--------------------------------------------------------
--  已建立檔案 - 星期四-八月-01-2024   
--------------------------------------------------------
--------------------------------------------------------
--  DDL for Table FACILITY
--------------------------------------------------------

  CREATE TABLE "STUDENT"."FACILITY" 
   (	"FACILITY_CODE" VARCHAR2(20 BYTE), 
	"FACILITY_ADD" NVARCHAR2(50), 
	"FACILITY_AMOUNT" NUMBER(10,2), 
	"FACILITY_FLOOR" NUMBER(10,1), 
	"FACILITY_TYPE" NVARCHAR2(20)
   ) SEGMENT CREATION IMMEDIATE 
  PCTFREE 10 PCTUSED 40 INITRANS 1 MAXTRANS 255 
 NOCOMPRESS LOGGING
  STORAGE(INITIAL 65536 NEXT 1048576 MINEXTENTS 1 MAXEXTENTS 2147483645
  PCTINCREASE 0 FREELISTS 1 FREELIST GROUPS 1
  BUFFER_POOL DEFAULT FLASH_CACHE DEFAULT CELL_FLASH_CACHE DEFAULT)
  TABLESPACE "USERS" ;
--------------------------------------------------------
--  DDL for Table SAFITY
--------------------------------------------------------

  CREATE TABLE "STUDENT"."SAFITY" 
   (	"VILLAGE_CODE" VARCHAR2(20 BYTE), 
	"FACILITY_CODE" VARCHAR2(20 BYTE), 
	"BRANCH_CODE" VARCHAR2(20 BYTE)
   ) SEGMENT CREATION IMMEDIATE 
  PCTFREE 10 PCTUSED 40 INITRANS 1 MAXTRANS 255 
 NOCOMPRESS LOGGING
  STORAGE(INITIAL 65536 NEXT 1048576 MINEXTENTS 1 MAXEXTENTS 2147483645
  PCTINCREASE 0 FREELISTS 1 FREELIST GROUPS 1
  BUFFER_POOL DEFAULT FLASH_CACHE DEFAULT CELL_FLASH_CACHE DEFAULT)
  TABLESPACE "USERS" ;
--------------------------------------------------------
--  DDL for Table VILLAGE
--------------------------------------------------------

  CREATE TABLE "STUDENT"."VILLAGE" 
   (	"VILLAGE_CODE" VARCHAR2(20 BYTE), 
	"VILLAGE_NAME" NVARCHAR2(50), 
	"VILLAGE_ADD" NVARCHAR2(50), 
	"VILLAGE_TEL" VARCHAR2(20 BYTE)
   ) SEGMENT CREATION IMMEDIATE 
  PCTFREE 10 PCTUSED 40 INITRANS 1 MAXTRANS 255 
 NOCOMPRESS LOGGING
  STORAGE(INITIAL 65536 NEXT 1048576 MINEXTENTS 1 MAXEXTENTS 2147483645
  PCTINCREASE 0 FREELISTS 1 FREELIST GROUPS 1
  BUFFER_POOL DEFAULT FLASH_CACHE DEFAULT CELL_FLASH_CACHE DEFAULT)
  TABLESPACE "USERS" ;
--------------------------------------------------------
--  DDL for Table BRANCH
--------------------------------------------------------

  CREATE TABLE "STUDENT"."BRANCH" 
   (	"BRANCH_CODE" VARCHAR2(20 BYTE), 
	"BRANCH_NAME" NVARCHAR2(50), 
	"BRANCH_ADD" NVARCHAR2(50), 
	"BRANCH_TEL" VARCHAR2(20 BYTE)
   ) SEGMENT CREATION IMMEDIATE 
  PCTFREE 10 PCTUSED 40 INITRANS 1 MAXTRANS 255 
 NOCOMPRESS LOGGING
  STORAGE(INITIAL 65536 NEXT 1048576 MINEXTENTS 1 MAXEXTENTS 2147483645
  PCTINCREASE 0 FREELISTS 1 FREELIST GROUPS 1
  BUFFER_POOL DEFAULT FLASH_CACHE DEFAULT CELL_FLASH_CACHE DEFAULT)
  TABLESPACE "USERS" ;
REM INSERTING into STUDENT.FACILITY
SET DEFINE OFF;
Insert into STUDENT.FACILITY (FACILITY_CODE,FACILITY_ADD,FACILITY_AMOUNT,FACILITY_FLOOR,FACILITY_TYPE) values ('F001','苗栗縣竹南鎮中埔街20號',100,1,'公寓');
Insert into STUDENT.FACILITY (FACILITY_CODE,FACILITY_ADD,FACILITY_AMOUNT,FACILITY_FLOOR,FACILITY_TYPE) values ('F002','苗栗縣竹南鎮和平街79號',3142,1,'大樓');
Insert into STUDENT.FACILITY (FACILITY_CODE,FACILITY_ADD,FACILITY_AMOUNT,FACILITY_FLOOR,FACILITY_TYPE) values ('F003','苗栗縣竹南鎮龍山路三段142號',1072,1,'大樓');
Insert into STUDENT.FACILITY (FACILITY_CODE,FACILITY_ADD,FACILITY_AMOUNT,FACILITY_FLOOR,FACILITY_TYPE) values ('F004','苗栗縣後龍鎮中華路1498號',32,1,'公共設施');
Insert into STUDENT.FACILITY (FACILITY_CODE,FACILITY_ADD,FACILITY_AMOUNT,FACILITY_FLOOR,FACILITY_TYPE) values ('F005','苗栗縣苗栗市米市街80號',106,1,'公寓');
Insert into STUDENT.FACILITY (FACILITY_CODE,FACILITY_ADD,FACILITY_AMOUNT,FACILITY_FLOOR,FACILITY_TYPE) values ('F006','苗栗縣苗栗市光復路117號',26,1,'公寓');
Insert into STUDENT.FACILITY (FACILITY_CODE,FACILITY_ADD,FACILITY_AMOUNT,FACILITY_FLOOR,FACILITY_TYPE) values ('F007','苗栗縣苗栗市博愛街109號',2038,2,'大樓');
Insert into STUDENT.FACILITY (FACILITY_CODE,FACILITY_ADD,FACILITY_AMOUNT,FACILITY_FLOOR,FACILITY_TYPE) values ('F008','苗栗縣苗栗市大同路53號',128,2,'大樓');
Insert into STUDENT.FACILITY (FACILITY_CODE,FACILITY_ADD,FACILITY_AMOUNT,FACILITY_FLOOR,FACILITY_TYPE) values ('F009','苗栗縣頭份市民族里和平路102號',353,1,'公共設施');
Insert into STUDENT.FACILITY (FACILITY_CODE,FACILITY_ADD,FACILITY_AMOUNT,FACILITY_FLOOR,FACILITY_TYPE) values ('F010','苗栗縣頭份市忠孝忠孝一路69號',501,1,'私營單位');
Insert into STUDENT.FACILITY (FACILITY_CODE,FACILITY_ADD,FACILITY_AMOUNT,FACILITY_FLOOR,FACILITY_TYPE) values ('F011','苗栗縣頭份市信義里中正路65號',194,1,'公寓');
Insert into STUDENT.FACILITY (FACILITY_CODE,FACILITY_ADD,FACILITY_AMOUNT,FACILITY_FLOOR,FACILITY_TYPE) values ('F012','苗栗縣頭份市信義里中正路116號',78,1,'私營單位
    ');
REM INSERTING into STUDENT.SAFITY
SET DEFINE OFF;
Insert into STUDENT.SAFITY (VILLAGE_CODE,FACILITY_CODE,BRANCH_CODE) values ('C001','F001','M001');
Insert into STUDENT.SAFITY (VILLAGE_CODE,FACILITY_CODE,BRANCH_CODE) values ('C002','F002','M001');
Insert into STUDENT.SAFITY (VILLAGE_CODE,FACILITY_CODE,BRANCH_CODE) values ('C003','F003','M001');
Insert into STUDENT.SAFITY (VILLAGE_CODE,FACILITY_CODE,BRANCH_CODE) values ('C004','F004','M001');
Insert into STUDENT.SAFITY (VILLAGE_CODE,FACILITY_CODE,BRANCH_CODE) values ('C005','F005','M002');
Insert into STUDENT.SAFITY (VILLAGE_CODE,FACILITY_CODE,BRANCH_CODE) values ('C005','F006','M002');
Insert into STUDENT.SAFITY (VILLAGE_CODE,FACILITY_CODE,BRANCH_CODE) values ('C005','F007','M002');
Insert into STUDENT.SAFITY (VILLAGE_CODE,FACILITY_CODE,BRANCH_CODE) values ('C005','F008','M002');
Insert into STUDENT.SAFITY (VILLAGE_CODE,FACILITY_CODE,BRANCH_CODE) values ('C006','F009','M003');
Insert into STUDENT.SAFITY (VILLAGE_CODE,FACILITY_CODE,BRANCH_CODE) values ('C007','F010','M003');
Insert into STUDENT.SAFITY (VILLAGE_CODE,FACILITY_CODE,BRANCH_CODE) values ('C008','F011','M003');
Insert into STUDENT.SAFITY (VILLAGE_CODE,FACILITY_CODE,BRANCH_CODE) values ('C008','F012','M003');
REM INSERTING into STUDENT.VILLAGE
SET DEFINE OFF;
Insert into STUDENT.VILLAGE (VILLAGE_CODE,VILLAGE_NAME,VILLAGE_ADD,VILLAGE_TEL) values ('C001','大埔里','竹南鎮公義路1035號','03 758 1072');
Insert into STUDENT.VILLAGE (VILLAGE_CODE,VILLAGE_NAME,VILLAGE_ADD,VILLAGE_TEL) values ('C002','竹南里','竹南鎮竹南里中山路 103 號','037-472735');
Insert into STUDENT.VILLAGE (VILLAGE_CODE,VILLAGE_NAME,VILLAGE_ADD,VILLAGE_TEL) values ('C003','山佳里','竹南鎮山佳里國光街 14 號','037-614186');
Insert into STUDENT.VILLAGE (VILLAGE_CODE,VILLAGE_NAME,VILLAGE_ADD,VILLAGE_TEL) values ('C004','埔頂里','後龍鎮埔頂里中興路136-1號','037-724839');
Insert into STUDENT.VILLAGE (VILLAGE_CODE,VILLAGE_NAME,VILLAGE_ADD,VILLAGE_TEL) values ('C005','綠苗里','苗栗市綠苗里中正路 766 號','037-333240');
Insert into STUDENT.VILLAGE (VILLAGE_CODE,VILLAGE_NAME,VILLAGE_ADD,VILLAGE_TEL) values ('C006','民族里','民族里民族路96號','037-660001');
Insert into STUDENT.VILLAGE (VILLAGE_CODE,VILLAGE_NAME,VILLAGE_ADD,VILLAGE_TEL) values ('C007','忠孝里','忠孝里光大街82號','037-661145');
Insert into STUDENT.VILLAGE (VILLAGE_CODE,VILLAGE_NAME,VILLAGE_ADD,VILLAGE_TEL) values ('C008','信義里','信義里信義路53巷1號','	037-616072');
REM INSERTING into STUDENT.BRANCH
SET DEFINE OFF;
Insert into STUDENT.BRANCH (BRANCH_CODE,BRANCH_NAME,BRANCH_ADD,BRANCH_TEL) values ('M001','竹南分局','苗栗縣竹南鎮民族街72號','03 747 4796');
Insert into STUDENT.BRANCH (BRANCH_CODE,BRANCH_NAME,BRANCH_ADD,BRANCH_TEL) values ('M002','苗栗分局','苗栗縣苗栗市金鳳街109號','03 732 0059');
Insert into STUDENT.BRANCH (BRANCH_CODE,BRANCH_NAME,BRANCH_ADD,BRANCH_TEL) values ('M003','頭份分局','苗栗縣頭份市中興路503號','03 766 3004');
